sample_id,catalyst_name,dye_name,bandgap_ev,surface_area_m2g,catalyst_dosage_gl,initial_dye_conc_mgl,ph,light_intensity_mwcm2,reaction_time_min,temperature_c,dye_molecular_weight,degradation_efficiency_percent
PCD-2018-0001,degussa_p25_tio2,methylene_blue,3.225,48.62,1.153,8.88,7.64,56.98,240,30.1,319.85,98.55
PCD-2019-0002,pure_anatase_tio2,rhodamine_b,3.238,47.33,0.101,21.18,7.04,39.31,180,22.9,479.02,87.63
PCD-2020-0003,pure_rutile_tio2,methyl_orange,2.965,10.0,1.33,20.68,4.15,36.39,45,25.6,327.33,71.05
PCD-2021-0004,n_doped_tio2,ciprofloxacin,2.746,44.73,0.113,31.19,5.5,30.54,60,24.9,331.34,55.7
PCD-2022-0005,c_doped_tio2,tetracycline,2.541,57.79,0.399,47.78,9.39,55.47,240,29.4,444.43,100.0
PCD-2023-0006,s_doped_tio2,bisphenol_a,2.608,60.64,1.589,20.26,7.53,91.04,240,20.0,228.29,97.36
PCD-2018-0007,fe_doped_tio2,phenol,2.393,81.34,1.396,13.23,8.22,75.77,15,29.7,94.11,100.0
PCD-2019-0008,cu_doped_tio2,24_dichlorophenol,2.359,91.62,1.618,22.41,5.21,47.2,180,20.0,163.0,96.41
PCD-2020-0009,rutile_n_doped_tio2,ibuprofen,2.641,38.56,1.846,9.62,6.85,74.32,30,29.0,206.28,97.46
PCD-2021-0010,rutile_fe_doped_tio2,malachite_green,2.358,28.49,0.28,10.34,6.88,74.03,90,29.5,364.91,100.0
PCD-2022-0011,n_fe_codoped_tio2,methylene_blue,2.173,95.05,1.227,11.92,6.0,72.89,60,26.6,319.85,98.76
PCD-2023-0012,n_c_codoped_tio2,rhodamine_b,2.23,91.56,0.204,27.51,8.45,43.61,15,23.0,479.02,57.42
PCD-2018-0013,fe_cu_codoped_tio2,methyl_orange,2.165,122.61,0.106,5.0,7.69,40.11,60,23.6,327.33,97.04
PCD-2019-0014,degussa_p25_tio2,ciprofloxacin,3.174,53.01,0.514,5.41,6.97,49.32,60,24.9,331.34,89.84
PCD-2020-0015,pure_anatase_tio2,tetracycline,3.176,35.07,0.13,20.6,11.93,45.19,30,26.5,444.43,18.07
PCD-2021-0016,pure_rutile_tio2,bisphenol_a,3.074,36.59,0.167,32.32,4.36,33.29,120,32.0,228.29,68.41
PCD-2022-0017,n_doped_tio2,phenol,2.679,86.9,0.176,15.07,8.85,92.67,45,29.4,94.11,98.66
PCD-2023-0018,c_doped_tio2,24_dichlorophenol,2.53,62.8,2.358,17.3,7.86,5.0,240,23.1,163.0,97.26
PCD-2018-0019,s_doped_tio2,ibuprofen,2.682,60.56,0.963,22.27,9.61,9.81,240,25.9,206.28,99.49
PCD-2019-0020,fe_doped_tio2,malachite_green,2.475,78.53,0.362,21.81,8.63,61.79,60,26.3,364.91,100.0
PCD-2020-0021,cu_doped_tio2,methylene_blue,2.316,87.32,0.241,22.26,8.69,54.37,120,20.0,319.85,100.0
PCD-2021-0022,rutile_n_doped_tio2,rhodamine_b,2.599,11.7,0.465,19.75,8.73,73.96,240,20.7,479.02,100.0
PCD-2022-0023,rutile_fe_doped_tio2,methyl_orange,2.332,22.28,0.324,19.23,7.68,56.92,30,29.1,327.33,91.67
PCD-2023-0024,n_fe_codoped_tio2,ciprofloxacin,2.133,118.5,0.309,23.94,12.0,49.22,240,20.0,331.34,100.0
PCD-2018-0025,n_c_codoped_tio2,tetracycline,2.289,102.14,0.112,18.76,8.48,38.69,90,28.9,444.43,96.69
PCD-2019-0026,fe_cu_codoped_tio2,bisphenol_a,2.109,96.82,0.502,17.32,4.7,84.74,180,30.3,228.29,100.0
PCD-2020-0027,degussa_p25_tio2,phenol,3.244,60.66,1.07,6.22,5.12,62.88,15,27.6,94.11,61.8
PCD-2021-0028,pure_anatase_tio2,24_dichlorophenol,3.24,39.44,1.842,18.72,7.14,39.76,240,22.6,163.0,100.0
PCD-2022-0029,pure_rutile_tio2,ibuprofen,3.116,10.0,0.37,15.85,7.16,27.67,15,23.3,206.28,17.67
PCD-2023-0030,n_doped_tio2,malachite_green,2.689,64.52,1.576,25.19,6.25,17.72,45,31.8,364.91,91.85
PCD-2018-0031,c_doped_tio2,methylene_blue,2.501,74.42,0.412,13.38,8.7,30.19,90,24.4,319.85,100.0
PCD-2019-0032,s_doped_tio2,rhodamine_b,2.666,39.51,0.179,16.57,7.54,100.0,240,35.6,479.02,100.0
PCD-2020-0033,fe_doped_tio2,methyl_orange,2.374,75.16,0.452,17.63,10.74,49.51,180,20.3,327.33,98.56
PCD-2021-0034,cu_doped_tio2,ciprofloxacin,2.245,80.8,2.483,21.39,6.35,63.12,30,25.3,331.34,100.0
PCD-2022-0035,rutile_n_doped_tio2,tetracycline,2.62,34.1,0.242,21.99,5.8,51.75,45,23.1,444.43,86.15
PCD-2023-0036,rutile_fe_doped_tio2,bisphenol_a,2.452,19.66,1.434,22.04,7.89,78.41,15,26.4,228.29,87.5
PCD-2018-0037,n_fe_codoped_tio2,phenol,2.19,105.07,1.591,13.78,6.29,73.8,90,32.3,94.11,99.73
PCD-2019-0038,n_c_codoped_tio2,24_dichlorophenol,2.275,95.51,0.541,24.95,10.74,92.2,45,20.0,163.0,96.22
PCD-2020-0039,fe_cu_codoped_tio2,ibuprofen,2.117,131.62,2.236,17.82,9.2,70.64,15,29.1,206.28,100.0
PCD-2021-0040,degussa_p25_tio2,malachite_green,3.087,25.43,0.383,19.23,7.78,46.89,180,25.5,364.91,100.0
PCD-2022-0041,pure_anatase_tio2,methylene_blue,3.189,65.92,0.378,32.05,4.61,69.27,15,28.3,319.85,42.76
PCD-2023-0042,pure_rutile_tio2,rhodamine_b,3.02,15.9,1.559,20.83,4.12,40.41,15,27.8,479.02,44.57
PCD-2018-0043,n_doped_tio2,methyl_orange,2.708,60.23,2.454,12.82,6.57,57.77,45,32.4,327.33,97.6
PCD-2019-0044,c_doped_tio2,ciprofloxacin,2.441,54.14,0.516,15.78,10.18,61.79,240,26.6,331.34,97.52
PCD-2020-0045,s_doped_tio2,tetracycline,2.726,70.33,2.72,5.54,5.31,41.42,120,27.3,444.43,94.31
PCD-2021-0046,fe_doped_tio2,bisphenol_a,2.48,78.32,1.051,22.85,5.6,25.82,15,31.0,228.29,71.66
PCD-2022-0047,cu_doped_tio2,phenol,2.344,94.76,0.874,11.6,5.8,5.0,30,22.4,94.11,52.69
PCD-2023-0048,rutile_n_doped_tio2,24_dichlorophenol,2.533,21.77,0.126,5.0,5.71,9.98,90,20.5,163.0,60.95
PCD-2018-0049,rutile_fe_doped_tio2,ibuprofen,2.334,48.31,2.259,19.26,6.44,57.39,180,20.0,206.28,100.0
PCD-2019-0050,n_fe_codoped_tio2,malachite_green,2.181,103.06,0.13,21.1,7.44,37.89,90,32.6,364.91,100.0
PCD-2020-0051,n_c_codoped_tio2,methylene_blue,2.284,79.01,0.211,21.2,8.03,67.79,240,20.0,319.85,100.0
PCD-2021-0052,fe_cu_codoped_tio2,rhodamine_b,2.129,132.75,0.394,19.08,5.87,100.0,180,28.2,479.02,100.0
PCD-2022-0053,degussa_p25_tio2,methyl_orange,3.152,56.86,0.217,5.0,9.89,72.15,60,24.3,327.33,81.42
PCD-2023-0054,pure_anatase_tio2,ciprofloxacin,3.328,42.37,0.693,25.35,8.94,66.14,30,24.9,331.34,66.71
PCD-2018-0055,pure_rutile_tio2,tetracycline,2.986,10.0,3.231,5.0,6.82,17.39,45,28.3,444.43,77.44
PCD-2019-0056,n_doped_tio2,bisphenol_a,2.752,47.36,1.057,35.0,8.12,27.2,15,24.7,228.29,49.11
PCD-2020-0057,c_doped_tio2,phenol,2.451,75.04,0.271,11.85,5.88,14.15,30,24.0,94.11,55.87
PCD-2021-0058,s_doped_tio2,24_dichlorophenol,2.659,48.75,0.625,17.26,7.25,99.34,45,29.3,163.0,97.95
PCD-2022-0059,fe_doped_tio2,ibuprofen,2.413,85.8,0.288,17.25,2.4,12.12,240,31.8,206.28,97.95
PCD-2023-0060,cu_doped_tio2,malachite_green,2.356,93.67,1.208,24.71,4.66,8.52,240,21.2,364.91,95.71
PCD-2018-0061,rutile_n_doped_tio2,methylene_blue,2.568,14.18,0.202,22.18,8.82,76.38,90,28.3,319.85,100.0
PCD-2019-0062,rutile_fe_doped_tio2,rhodamine_b,2.369,34.02,0.807,36.47,2.98,76.69,90,32.0,479.02,96.03
PCD-2020-0063,n_fe_codoped_tio2,methyl_orange,2.104,119.41,3.545,6.01,8.13,33.73,45,22.6,327.33,100.0
PCD-2021-0064,n_c_codoped_tio2,ciprofloxacin,2.345,94.91,1.127,24.51,8.13,70.8,45,20.0,331.34,100.0
PCD-2022-0065,fe_cu_codoped_tio2,tetracycline,2.117,125.71,0.413,22.8,2.0,38.53,30,23.5,444.43,89.65
PCD-2023-0066,degussa_p25_tio2,bisphenol_a,3.207,57.64,0.409,20.11,3.54,81.04,240,22.0,228.29,100.0
PCD-2018-0067,pure_anatase_tio2,phenol,3.285,52.72,0.824,5.0,5.41,64.43,120,24.0,94.11,98.23
PCD-2019-0068,pure_rutile_tio2,24_dichlorophenol,3.075,10.0,2.188,7.58,8.16,62.43,90,22.6,163.0,98.55
PCD-2020-0069,n_doped_tio2,ibuprofen,2.67,60.79,0.975,5.0,7.72,43.24,240,29.7,206.28,100.0
PCD-2021-0070,c_doped_tio2,malachite_green,2.48,72.5,0.721,28.06,11.0,10.51,15,23.8,364.91,28.98
PCD-2022-0071,s_doped_tio2,methylene_blue,2.745,55.96,0.883,5.21,9.29,58.46,90,22.9,319.85,100.0
PCD-2023-0072,fe_doped_tio2,rhodamine_b,2.448,88.28,1.306,30.1,6.3,39.37,30,27.4,479.02,98.16
PCD-2018-0073,cu_doped_tio2,methyl_orange,2.402,79.9,0.194,32.87,6.11,39.31,60,22.2,327.33,97.05
PCD-2019-0074,rutile_n_doped_tio2,ciprofloxacin,2.7,32.18,1.503,35.68,6.78,58.16,120,20.5,331.34,93.02
PCD-2020-0075,rutile_fe_doped_tio2,tetracycline,2.409,56.44,0.856,21.09,8.45,62.03,240,26.1,444.43,100.0
PCD-2021-0076,n_fe_codoped_tio2,bisphenol_a,2.234,103.7,0.164,18.17,5.75,37.62,60,25.3,228.29,100.0
PCD-2022-0077,n_c_codoped_tio2,phenol,2.215,110.3,0.145,30.71,5.83,71.31,45,20.0,94.11,97.64
PCD-2023-0078,fe_cu_codoped_tio2,24_dichlorophenol,2.19,128.41,0.808,19.62,7.94,11.76,60,29.0,163.0,96.92
PCD-2018-0079,degussa_p25_tio2,ibuprofen,3.254,31.55,0.9,17.31,4.79,100.0,90,25.3,206.28,95.43
PCD-2019-0080,pure_anatase_tio2,malachite_green,3.134,39.33,0.605,31.29,4.13,86.63,240,21.4,364.91,100.0
PCD-2020-0081,pure_rutile_tio2,methylene_blue,2.987,30.04,0.695,5.0,4.52,20.56,15,26.0,319.85,28.31
PCD-2021-0082,n_doped_tio2,rhodamine_b,2.639,56.71,1.922,29.22,9.83,53.13,180,27.4,479.02,97.68
PCD-2022-0083,c_doped_tio2,methyl_orange,2.496,70.3,0.301,27.22,4.74,36.89,15,27.4,327.33,52.18
PCD-2023-0084,s_doped_tio2,ciprofloxacin,2.722,67.5,2.73,24.2,3.61,27.49,30,26.6,331.34,84.21
PCD-2018-0085,fe_doped_tio2,tetracycline,2.496,78.15,1.461,7.58,5.37,82.89,60,20.0,444.43,98.57
PCD-2019-0086,cu_doped_tio2,bisphenol_a,2.401,78.73,1.679,32.52,6.29,56.44,120,29.9,228.29,99.91
PCD-2020-0087,rutile_n_doped_tio2,phenol,2.583,38.46,0.118,23.08,3.58,16.3,120,28.7,94.11,66.0
PCD-2021-0088,rutile_fe_doped_tio2,24_dichlorophenol,2.493,41.03,1.483,31.51,9.69,53.17,15,27.0,163.0,71.76
PCD-2022-0089,n_fe_codoped_tio2,ibuprofen,2.251,114.73,0.285,36.21,10.14,24.91,90,27.6,206.28,95.86
PCD-2023-0090,n_c_codoped_tio2,malachite_green,2.357,90.81,0.449,34.55,7.29,44.44,90,20.0,364.91,97.56
PCD-2018-0091,fe_cu_codoped_tio2,methylene_blue,2.217,111.16,0.382,10.51,12.0,62.33,90,25.9,319.85,94.73
PCD-2019-0092,degussa_p25_tio2,rhodamine_b,3.194,37.68,1.574,21.45,7.75,23.78,30,24.8,479.02,65.57
PCD-2020-0093,pure_anatase_tio2,methyl_orange,3.199,63.12,0.326,25.0,8.07,22.81,30,29.6,327.33,34.37
PCD-2021-0094,pure_rutile_tio2,ciprofloxacin,2.967,21.64,0.689,30.1,8.38,82.15,15,31.4,331.34,56.7
PCD-2022-0095,n_doped_tio2,tetracycline,2.627,71.33,0.638,24.3,7.42,56.79,30,20.0,444.43,91.72
PCD-2023-0096,c_doped_tio2,bisphenol_a,2.482,61.81,0.198,26.16,9.71,41.01,180,25.1,228.29,99.92
PCD-2018-0097,s_doped_tio2,phenol,2.747,49.84,0.13,5.95,8.0,23.94,180,31.4,94.11,100.0
PCD-2019-0098,fe_doped_tio2,24_dichlorophenol,2.355,81.75,0.967,33.89,7.29,92.84,90,20.0,163.0,100.0
PCD-2020-0099,cu_doped_tio2,ibuprofen,2.386,85.47,1.383,14.83,9.82,100.0,240,23.2,206.28,97.97
PCD-2021-0100,rutile_n_doped_tio2,malachite_green,2.524,22.34,0.691,13.35,3.28,42.51,30,20.0,364.91,76.62
PCD-2022-0101,rutile_fe_doped_tio2,methylene_blue,2.398,32.34,0.488,9.29,8.37,45.86,240,20.9,319.85,100.0
PCD-2023-0102,n_fe_codoped_tio2,rhodamine_b,2.246,109.03,0.511,20.54,6.05,64.93,45,20.0,479.02,100.0
PCD-2018-0103,n_c_codoped_tio2,methyl_orange,2.274,89.01,0.265,13.63,9.38,85.51,120,22.1,327.33,100.0
PCD-2019-0104,fe_cu_codoped_tio2,ciprofloxacin,2.117,97.54,0.355,11.22,5.79,49.23,30,26.4,331.34,99.56
PCD-2020-0105,degussa_p25_tio2,tetracycline,3.233,70.1,0.173,5.0,4.49,72.1,30,20.2,444.43,62.18
PCD-2021-0106,pure_anatase_tio2,bisphenol_a,3.232,45.43,1.996,30.3,10.73,70.51,240,20.0,228.29,100.0
PCD-2022-0107,pure_rutile_tio2,phenol,3.012,18.06,0.959,28.2,8.01,76.67,180,30.8,94.11,97.21
PCD-2023-0108,n_doped_tio2,24_dichlorophenol,2.68,75.4,0.104,19.05,5.92,65.97,180,26.8,163.0,98.76
PCD-2018-0109,c_doped_tio2,ibuprofen,2.501,82.78,0.105,28.18,4.02,50.62,180,25.4,206.28,98.95
PCD-2019-0110,s_doped_tio2,malachite_green,2.709,66.86,0.498,17.64,8.11,32.4,120,25.9,364.91,100.0
PCD-2020-0111,fe_doped_tio2,methylene_blue,2.441,75.95,1.085,21.33,5.6,79.88,45,20.0,319.85,98.22
PCD-2021-0112,cu_doped_tio2,rhodamine_b,2.446,96.04,0.487,37.25,9.27,38.58,45,22.2,479.02,98.15
PCD-2022-0113,rutile_n_doped_tio2,methyl_orange,2.528,10.0,0.243,26.49,8.97,78.05,45,31.6,327.33,76.86
PCD-2023-0114,rutile_fe_doped_tio2,ciprofloxacin,2.372,41.63,1.196,10.71,7.71,42.8,240,29.8,331.34,98.97
PCD-2018-0115,n_fe_codoped_tio2,tetracycline,2.225,109.71,0.264,23.43,7.91,64.24,60,27.2,444.43,100.0
PCD-2019-0116,n_c_codoped_tio2,bisphenol_a,2.287,111.38,0.328,35.01,4.03,57.91,60,25.6,228.29,97.09
PCD-2020-0117,fe_cu_codoped_tio2,phenol,2.192,113.47,0.397,17.23,6.95,45.67,120,21.6,94.11,100.0
PCD-2021-0118,degussa_p25_tio2,24_dichlorophenol,3.237,59.4,0.226,28.46,7.33,27.21,180,37.0,163.0,91.01
PCD-2022-0119,pure_anatase_tio2,ibuprofen,3.256,62.82,0.108,22.08,2.92,43.82,15,21.6,206.28,12.63
PCD-2023-0120,pure_rutile_tio2,malachite_green,3.054,21.32,1.478,10.21,7.2,43.15,240,32.0,364.91,100.0
PCD-2018-0121,n_doped_tio2,methylene_blue,2.653,58.53,1.088,23.93,8.36,35.51,45,30.4,319.85,100.0
PCD-2019-0122,c_doped_tio2,rhodamine_b,2.49,91.56,1.325,31.72,5.84,49.4,60,23.2,479.02,100.0
PCD-2020-0123,s_doped_tio2,methyl_orange,2.648,49.71,1.347,19.76,11.28,93.19,120,27.2,327.33,100.0
PCD-2021-0124,fe_doped_tio2,ciprofloxacin,2.35,71.57,0.513,19.86,6.18,14.7,180,23.7,331.34,94.93
PCD-2022-0125,cu_doped_tio2,tetracycline,2.37,91.47,1.186,5.0,5.2,10.95,90,35.0,444.43,100.0
PCD-2023-0126,rutile_n_doped_tio2,bisphenol_a,2.523,38.17,0.951,24.39,4.45,11.28,30,31.9,228.29,53.23
PCD-2018-0127,rutile_fe_doped_tio2,phenol,2.42,23.14,2.018,14.5,5.66,49.36,120,30.9,94.11,99.4
PCD-2019-0128,n_fe_codoped_tio2,24_dichlorophenol,2.158,125.42,0.969,38.04,7.54,32.16,15,20.0,163.0,88.53
PCD-2020-0129,n_c_codoped_tio2,ibuprofen,2.277,98.47,2.9,5.0,6.46,5.0,120,26.3,206.28,99.46
PCD-2021-0130,fe_cu_codoped_tio2,malachite_green,2.093,125.88,0.333,21.15,4.41,12.19,45,29.2,364.91,84.95
PCD-2022-0131,degussa_p25_tio2,methylene_blue,3.261,49.1,1.411,30.3,7.48,43.52,30,24.0,319.85,68.88
PCD-2023-0132,pure_anatase_tio2,rhodamine_b,3.261,46.91,1.032,11.05,6.04,5.0,45,29.6,479.02,31.49
PCD-2018-0133,pure_rutile_tio2,methyl_orange,3.05,10.0,0.637,11.29,7.81,26.54,180,28.2,327.33,95.97
PCD-2019-0134,n_doped_tio2,ciprofloxacin,2.629,57.79,0.314,24.84,6.79,49.33,30,29.8,331.34,82.06
PCD-2020-0135,c_doped_tio2,tetracycline,2.478,70.67,2.238,31.06,9.37,65.97,90,20.0,444.43,100.0
PCD-2021-0136,s_doped_tio2,bisphenol_a,2.791,45.1,0.843,15.6,8.6,40.04,15,26.6,228.29,59.66
PCD-2022-0137,fe_doped_tio2,phenol,2.531,84.54,1.786,5.0,5.13,76.17,30,27.8,94.11,98.88
PCD-2023-0138,cu_doped_tio2,24_dichlorophenol,2.388,81.8,0.382,29.48,4.32,79.11,15,20.0,163.0,71.9
PCD-2018-0139,rutile_n_doped_tio2,ibuprofen,2.556,40.53,0.576,13.61,4.35,91.05,30,30.0,206.28,96.46
PCD-2019-0140,rutile_fe_doped_tio2,malachite_green,2.481,36.22,1.603,20.58,3.74,54.27,60,31.9,364.91,100.0
PCD-2020-0141,n_fe_codoped_tio2,methylene_blue,2.23,118.53,2.59,17.47,7.78,45.28,30,27.8,319.85,100.0
PCD-2021-0142,n_c_codoped_tio2,rhodamine_b,2.244,115.49,2.223,22.78,11.91,74.47,30,32.6,479.02,100.0
PCD-2022-0143,fe_cu_codoped_tio2,methyl_orange,2.12,104.13,0.204,25.5,5.06,52.63,180,20.0,327.33,100.0
PCD-2023-0144,degussa_p25_tio2,ciprofloxacin,3.167,41.77,1.453,18.5,7.95,5.0,180,25.6,331.34,82.68
PCD-2018-0145,pure_anatase_tio2,tetracycline,3.232,45.41,0.307,25.0,4.41,78.74,240,23.5,444.43,100.0
PCD-2019-0146,pure_rutile_tio2,bisphenol_a,3.075,10.0,1.153,9.42,7.87,72.31,15,26.2,228.29,56.35
PCD-2020-0147,n_doped_tio2,phenol,2.761,52.62,0.247,26.34,7.83,45.37,240,24.4,94.11,96.79
PCD-2021-0148,c_doped_tio2,24_dichlorophenol,2.463,75.59,0.338,8.1,5.91,54.09,15,21.0,163.0,81.48
PCD-2022-0149,s_doped_tio2,ibuprofen,2.784,49.46,1.043,23.03,5.93,9.42,120,27.8,206.28,93.45
PCD-2023-0150,fe_doped_tio2,malachite_green,2.385,63.68,0.466,35.81,9.32,11.21,90,21.2,364.91,83.81
PCD-2018-0151,cu_doped_tio2,methylene_blue,2.319,92.01,0.721,23.31,8.67,5.0,45,26.9,319.85,54.59
PCD-2019-0152,rutile_n_doped_tio2,rhodamine_b,2.534,24.88,0.425,21.13,5.35,54.04,90,27.7,479.02,96.54
PCD-2020-0153,rutile_fe_doped_tio2,methyl_orange,2.408,15.86,0.181,35.83,6.39,82.85,60,20.0,327.33,87.15
PCD-2021-0154,n_fe_codoped_tio2,ciprofloxacin,2.175,102.47,0.991,27.89,6.53,40.09,240,22.4,331.34,100.0
PCD-2022-0155,n_c_codoped_tio2,tetracycline,2.325,100.82,1.087,12.14,4.34,5.0,60,27.5,444.43,80.26
PCD-2023-0156,fe_cu_codoped_tio2,bisphenol_a,2.145,123.65,0.769,34.02,7.05,5.0,15,25.4,228.29,34.29
PCD-2018-0157,degussa_p25_tio2,phenol,3.246,47.1,1.72,25.68,8.2,37.32,90,23.8,94.11,99.81
PCD-2019-0158,pure_anatase_tio2,24_dichlorophenol,3.236,37.78,0.401,46.29,4.95,57.54,240,21.7,163.0,100.0
PCD-2020-0159,pure_rutile_tio2,ibuprofen,2.874,15.64,0.227,13.9,6.63,51.42,240,27.6,206.28,100.0
PCD-2021-0160,n_doped_tio2,malachite_green,2.602,72.26,0.1,15.41,7.1,44.23,180,23.9,364.91,100.0
PCD-2022-0161,c_doped_tio2,methylene_blue,2.507,66.63,3.392,14.36,6.18,40.82,45,21.5,319.85,100.0
PCD-2023-0162,s_doped_tio2,rhodamine_b,2.654,70.21,0.308,33.48,5.53,32.46,90,27.5,479.02,100.0
PCD-2018-0163,fe_doped_tio2,methyl_orange,2.398,77.91,1.841,6.33,6.55,20.75,120,20.0,327.33,98.78
PCD-2019-0164,cu_doped_tio2,ciprofloxacin,2.292,82.67,1.35,9.54,10.5,69.85,240,20.0,331.34,100.0
PCD-2020-0165,rutile_n_doped_tio2,tetracycline,2.599,30.79,0.193,5.0,11.12,20.17,60,24.8,444.43,65.75
PCD-2021-0166,rutile_fe_doped_tio2,bisphenol_a,2.338,34.43,1.67,32.06,7.99,47.08,15,30.7,228.29,81.63
PCD-2022-0167,n_fe_codoped_tio2,phenol,2.12,105.93,1.57,41.57,5.79,68.55,240,26.5,94.11,100.0
PCD-2023-0168,n_c_codoped_tio2,24_dichlorophenol,2.287,105.11,0.189,18.69,6.94,56.48,240,23.2,163.0,100.0
PCD-2018-0169,fe_cu_codoped_tio2,ibuprofen,2.083,110.28,0.444,26.8,9.32,38.71,90,22.8,206.28,100.0
PCD-2019-0170,degussa_p25_tio2,malachite_green,3.209,48.74,0.169,12.83,8.9,50.87,240,28.0,364.91,100.0
PCD-2020-0171,pure_anatase_tio2,methylene_blue,3.167,39.98,0.204,33.28,8.11,61.4,120,35.8,319.85,90.57
PCD-2021-0172,pure_rutile_tio2,rhodamine_b,3.034,14.27,0.197,9.33,8.66,49.31,240,27.7,479.02,100.0
PCD-2022-0173,n_doped_tio2,methyl_orange,2.632,56.61,2.206,14.05,4.44,6.56,15,20.0,327.33,31.58
PCD-2023-0174,c_doped_tio2,ciprofloxacin,2.462,72.11,0.648,25.12,4.58,78.39,180,29.2,331.34,97.56
PCD-2018-0175,s_doped_tio2,tetracycline,2.761,53.6,1.143,26.63,9.35,54.53,45,20.0,444.43,97.56
PCD-2019-0176,fe_doped_tio2,bisphenol_a,2.364,74.6,1.025,23.14,4.61,49.01,60,26.5,228.29,100.0
PCD-2020-0177,cu_doped_tio2,phenol,2.362,111.02,0.383,38.11,8.25,58.22,240,29.5,94.11,96.42
PCD-2021-0178,rutile_n_doped_tio2,24_dichlorophenol,2.588,38.27,1.183,22.47,6.29,65.26,45,31.4,163.0,98.34
PCD-2022-0179,rutile_fe_doped_tio2,ibuprofen,2.413,15.99,1.157,8.04,7.89,79.92,60,22.0,206.28,100.0
PCD-2023-0180,n_fe_codoped_tio2,malachite_green,2.204,113.12,0.109,23.19,8.65,69.95,60,20.6,364.91,97.76
PCD-2018-0181,n_c_codoped_tio2,methylene_blue,2.336,91.27,4.587,11.83,2.81,64.73,45,26.7,319.85,100.0
PCD-2019-0182,fe_cu_codoped_tio2,rhodamine_b,2.106,115.84,0.512,8.19,7.06,76.88,45,25.6,479.02,97.94
PCD-2020-0183,degussa_p25_tio2,methyl_orange,3.293,68.87,0.84,30.24,8.19,69.46,15,22.2,327.33,48.37
PCD-2021-0184,pure_anatase_tio2,ciprofloxacin,3.249,55.68,3.313,28.48,8.11,37.66,45,20.0,331.34,92.56
PCD-2022-0185,pure_rutile_tio2,tetracycline,2.964,10.0,0.174,24.8,4.27,54.75,15,27.9,444.43,18.54
PCD-2023-0186,n_doped_tio2,bisphenol_a,2.764,70.45,3.88,10.57,8.7,71.89,30,20.0,228.29,100.0
PCD-2018-0187,c_doped_tio2,phenol,2.429,58.26,0.121,21.41,3.46,58.08,30,24.3,94.11,66.45
PCD-2019-0188,s_doped_tio2,24_dichlorophenol,2.726,48.09,0.625,5.0,8.39,47.43,60,24.9,163.0,100.0
PCD-2020-0189,fe_doped_tio2,ibuprofen,2.533,75.43,1.26,23.55,4.8,59.88,240,22.1,206.28,99.04
PCD-2021-0190,cu_doped_tio2,malachite_green,2.349,93.86,3.046,13.07,4.86,5.0,15,22.4,364.91,48.2
PCD-2022-0191,rutile_n_doped_tio2,methylene_blue,2.605,13.69,0.524,27.37,6.44,51.67,180,27.6,319.85,100.0
PCD-2023-0192,rutile_fe_doped_tio2,rhodamine_b,2.381,35.42,0.646,32.54,5.32,65.27,15,27.3,479.02,74.26
PCD-2018-0193,n_fe_codoped_tio2,methyl_orange,2.119,121.65,0.197,15.73,5.92,65.82,180,22.8,327.33,100.0
PCD-2019-0194,n_c_codoped_tio2,ciprofloxacin,2.302,90.08,0.726,6.03,7.48,85.73,30,24.6,331.34,97.5
PCD-2020-0195,fe_cu_codoped_tio2,tetracycline,2.087,119.42,2.431,24.37,8.81,5.0,90,20.0,444.43,96.42
PCD-2021-0196,degussa_p25_tio2,bisphenol_a,3.25,46.98,0.452,22.24,2.73,49.09,90,22.6,228.29,81.27
PCD-2022-0197,pure_anatase_tio2,phenol,3.236,61.25,0.283,16.4,8.02,57.94,30,24.8,94.11,65.6
PCD-2023-0198,pure_rutile_tio2,24_dichlorophenol,3.101,12.32,0.366,13.03,9.53,38.42,180,30.2,163.0,96.38
PCD-2018-0199,n_doped_tio2,ibuprofen,2.715,59.32,2.77,21.13,4.12,72.98,60,21.7,206.28,97.16
PCD-2019-0200,c_doped_tio2,malachite_green,2.444,58.58,1.918,25.36,2.0,76.58,120,21.8,364.91,100.0
PCD-2020-0201,s_doped_tio2,methylene_blue,2.683,50.96,0.263,22.98,8.52,45.01,120,20.0,319.85,100.0
PCD-2021-0202,fe_doped_tio2,rhodamine_b,2.423,69.42,1.133,19.59,7.78,30.69,45,34.0,479.02,99.52
PCD-2022-0203,cu_doped_tio2,methyl_orange,2.31,90.96,1.663,21.68,9.64,24.84,45,30.7,327.33,99.8
PCD-2023-0204,rutile_n_doped_tio2,ciprofloxacin,2.637,13.9,1.469,11.6,7.14,76.05,240,29.2,331.34,100.0
PCD-2018-0205,rutile_fe_doped_tio2,tetracycline,2.388,26.33,0.222,13.37,2.94,69.09,240,31.3,444.43,100.0
PCD-2019-0206,n_fe_codoped_tio2,bisphenol_a,2.226,114.29,0.334,23.82,6.36,33.11,240,23.0,228.29,100.0
PCD-2020-0207,n_c_codoped_tio2,phenol,2.275,102.78,0.924,21.26,10.88,24.99,45,21.6,94.11,94.78
PCD-2021-0208,fe_cu_codoped_tio2,24_dichlorophenol,2.222,123.43,0.312,22.2,7.56,68.66,120,28.4,163.0,100.0
PCD-2022-0209,degussa_p25_tio2,ibuprofen,3.193,40.25,0.593,21.41,9.2,56.32,120,24.7,206.28,97.02
PCD-2023-0210,pure_anatase_tio2,malachite_green,3.229,40.94,2.811,19.33,7.78,32.59,120,26.0,364.91,100.0
PCD-2018-0211,pure_rutile_tio2,methylene_blue,3.044,10.0,0.364,23.67,10.68,44.41,240,23.3,319.85,91.58
PCD-2019-0212,n_doped_tio2,rhodamine_b,2.676,72.45,0.831,11.14,6.29,69.86,120,24.5,479.02,99.49
PCD-2020-0213,c_doped_tio2,methyl_orange,2.504,81.62,0.153,23.48,9.33,56.63,15,28.2,327.33,46.46
PCD-2021-0214,s_doped_tio2,ciprofloxacin,2.695,45.13,0.25,15.31,6.84,65.86,15,20.0,331.34,62.74
PCD-2022-0215,fe_doped_tio2,tetracycline,2.402,80.3,0.488,41.71,6.65,53.08,180,27.8,444.43,100.0
PCD-2023-0216,cu_doped_tio2,bisphenol_a,2.339,93.07,0.318,22.06,2.0,11.67,90,20.0,228.29,80.92
PCD-2018-0217,rutile_n_doped_tio2,phenol,2.525,32.6,0.286,17.95,7.01,77.11,15,22.1,94.11,68.94
PCD-2019-0218,rutile_fe_doped_tio2,24_dichlorophenol,2.333,24.19,1.464,28.54,9.08,52.16,180,24.9,163.0,100.0
PCD-2020-0219,n_fe_codoped_tio2,ibuprofen,2.18,103.47,0.501,5.0,3.83,56.68,60,27.5,206.28,96.4
PCD-2021-0220,n_c_codoped_tio2,malachite_green,2.351,101.88,0.102,24.2,8.62,63.38,15,33.1,364.91,59.5
PCD-2022-0221,fe_cu_codoped_tio2,methylene_blue,2.137,111.09,0.587,11.12,6.39,88.03,15,22.5,319.85,94.05
PCD-2023-0222,degussa_p25_tio2,rhodamine_b,3.155,44.74,0.931,35.06,8.62,57.63,90,26.0,479.02,99.73
PCD-2018-0223,pure_anatase_tio2,methyl_orange,3.249,51.37,0.203,8.56,7.22,49.17,45,24.0,327.33,66.58
PCD-2019-0224,pure_rutile_tio2,ciprofloxacin,2.995,22.98,1.42,18.04,6.65,12.87,240,29.8,331.34,100.0
PCD-2020-0225,n_doped_tio2,tetracycline,2.618,82.75,0.994,10.56,4.81,43.36,30,32.2,444.43,92.53
PCD-2021-0226,c_doped_tio2,bisphenol_a,2.392,84.96,0.183,24.57,6.46,48.13,60,20.1,228.29,100.0
PCD-2022-0227,s_doped_tio2,phenol,2.687,42.86,0.223,16.92,8.56,82.76,45,32.0,94.11,96.8
PCD-2023-0228,fe_doped_tio2,24_dichlorophenol,2.425,71.34,1.603,22.08,9.44,52.78,240,24.9,163.0,100.0
PCD-2018-0229,cu_doped_tio2,ibuprofen,2.31,89.24,0.632,20.05,6.05,47.45,45,27.0,206.28,94.36
PCD-2019-0230,rutile_n_doped_tio2,malachite_green,2.527,16.62,0.635,15.56,7.09,48.73,90,24.5,364.91,100.0
PCD-2020-0231,rutile_fe_doped_tio2,methylene_blue,2.412,39.04,1.502,18.93,7.9,10.73,60,20.0,319.85,91.87
PCD-2021-0232,n_fe_codoped_tio2,rhodamine_b,2.22,97.32,0.327,21.23,6.13,75.5,30,21.1,479.02,97.02
PCD-2022-0233,n_c_codoped_tio2,methyl_orange,2.292,90.28,0.352,20.61,7.99,74.04,240,20.0,327.33,98.43
PCD-2023-0234,fe_cu_codoped_tio2,ciprofloxacin,2.178,127.1,0.386,28.55,9.13,34.14,45,22.8,331.34,93.25
PCD-2018-0235,degussa_p25_tio2,tetracycline,3.198,44.32,0.727,22.54,7.94,77.14,90,25.5,444.43,100.0
PCD-2019-0236,pure_anatase_tio2,bisphenol_a,3.311,46.61,0.603,16.05,7.04,66.34,60,30.6,228.29,93.71
PCD-2020-0237,pure_rutile_tio2,phenol,2.911,27.62,0.369,26.4,5.55,56.01,15,20.0,94.11,43.09
PCD-2021-0238,n_doped_tio2,24_dichlorophenol,2.608,63.93,0.569,29.55,10.04,92.38,180,30.8,163.0,99.39
PCD-2022-0239,c_doped_tio2,ibuprofen,2.493,80.04,0.671,26.56,7.39,49.53,90,23.1,206.28,100.0
PCD-2023-0240,s_doped_tio2,malachite_green,2.723,65.85,0.424,24.9,7.42,93.15,120,29.8,364.91,100.0
PCD-2018-0241,fe_doped_tio2,methylene_blue,2.486,85.16,1.179,24.21,5.81,67.43,180,30.9,319.85,100.0
PCD-2019-0242,cu_doped_tio2,rhodamine_b,2.384,82.77,1.127,11.27,8.92,21.81,180,24.0,479.02,98.35
PCD-2020-0243,rutile_n_doped_tio2,methyl_orange,2.605,23.65,2.46,5.0,7.43,50.03,30,20.9,327.33,98.88
PCD-2021-0244,rutile_fe_doped_tio2,ciprofloxacin,2.319,34.47,0.979,12.44,7.85,41.52,45,29.1,331.34,98.95
PCD-2022-0245,n_fe_codoped_tio2,tetracycline,2.187,89.96,0.305,20.79,7.05,8.68,15,31.0,444.43,32.63
PCD-2023-0246,n_c_codoped_tio2,bisphenol_a,2.329,101.78,0.584,24.06,7.44,82.23,60,20.0,228.29,100.0
PCD-2018-0247,fe_cu_codoped_tio2,phenol,2.192,125.59,1.404,30.6,12.0,59.81,30,22.5,94.11,95.98
PCD-2019-0248,degussa_p25_tio2,24_dichlorophenol,3.184,40.36,0.512,29.36,8.41,73.26,120,23.4,163.0,99.36
PCD-2020-0249,pure_anatase_tio2,ibuprofen,3.271,36.33,0.404,17.27,5.44,68.22,60,22.6,206.28,87.9
PCD-2021-0250,pure_rutile_tio2,malachite_green,3.008,13.88,0.479,26.41,7.37,61.51,15,24.7,364.91,44.68
PCD-2022-0251,n_doped_tio2,methylene_blue,2.728,51.72,1.074,29.65,9.47,52.22,120,26.0,319.85,99.42
PCD-2023-0252,c_doped_tio2,rhodamine_b,2.413,69.96,0.489,10.3,6.85,77.79,240,22.2,479.02,96.34
PCD-2018-0253,s_doped_tio2,methyl_orange,2.675,53.52,1.267,32.35,6.36,40.08,15,27.4,327.33,69.27
PCD-2019-0254,fe_doped_tio2,ciprofloxacin,2.481,91.49,1.222,25.73,6.8,39.15,240,31.4,331.34,100.0
PCD-2020-0255,cu_doped_tio2,tetracycline,2.404,71.31,0.502,10.99,8.28,41.78,45,28.0,444.43,100.0
PCD-2021-0256,rutile_n_doped_tio2,bisphenol_a,2.626,27.3,0.184,34.8,4.84,69.71,120,23.9,228.29,95.03
PCD-2022-0257,rutile_fe_doped_tio2,phenol,2.272,28.09,0.706,19.23,7.03,63.45,60,24.8,94.11,100.0
PCD-2023-0258,n_fe_codoped_tio2,24_dichlorophenol,2.172,93.04,0.299,16.71,5.47,53.39,180,23.8,163.0,100.0
PCD-2018-0259,n_c_codoped_tio2,ibuprofen,2.349,87.58,0.684,7.61,4.06,54.12,180,25.3,206.28,100.0
PCD-2019-0260,fe_cu_codoped_tio2,malachite_green,2.247,123.71,0.375,31.53,6.06,40.06,240,24.5,364.91,95.07
PCD-2020-0261,degussa_p25_tio2,methylene_blue,3.191,66.61,0.148,25.37,7.1,44.86,45,21.7,319.85,59.47
PCD-2021-0262,pure_anatase_tio2,rhodamine_b,3.302,33.63,3.299,10.61,8.81,51.52,180,20.0,479.02,100.0
PCD-2022-0263,pure_rutile_tio2,methyl_orange,3.032,12.63,0.375,29.87,6.85,42.0,15,25.8,327.33,25.52
PCD-2023-0264,n_doped_tio2,ciprofloxacin,2.689,48.11,1.245,12.81,7.91,46.3,120,24.0,331.34,98.93
PCD-2018-0265,c_doped_tio2,tetracycline,2.491,83.73,0.733,14.36,6.83,44.98,60,20.0,444.43,100.0
PCD-2019-0266,s_doped_tio2,bisphenol_a,2.734,31.24,0.961,25.98,7.57,29.53,60,25.2,228.29,94.22
PCD-2020-0267,fe_doped_tio2,phenol,2.429,63.83,0.82,21.9,5.68,60.65,180,25.1,94.11,100.0
PCD-2021-0268,cu_doped_tio2,24_dichlorophenol,2.334,77.71,0.311,30.48,9.97,44.49,60,32.4,163.0,97.58
PCD-2022-0269,rutile_n_doped_tio2,ibuprofen,2.584,24.99,0.107,26.18,6.59,65.72,240,20.0,206.28,98.49
PCD-2023-0270,rutile_fe_doped_tio2,malachite_green,2.423,43.88,0.334,20.66,5.89,13.58,60,21.0,364.91,76.29
PCD-2018-0271,n_fe_codoped_tio2,methylene_blue,2.162,94.34,2.116,13.51,9.64,85.49,45,22.0,319.85,99.75
PCD-2019-0272,n_c_codoped_tio2,rhodamine_b,2.266,102.83,4.008,5.6,9.49,5.0,30,20.0,479.02,86.9
PCD-2020-0273,fe_cu_codoped_tio2,methyl_orange,2.151,110.46,0.3,22.14,6.62,11.49,45,34.9,327.33,75.8
PCD-2021-0274,degussa_p25_tio2,ciprofloxacin,3.162,48.18,0.55,21.73,9.84,36.63,180,23.2,331.34,88.05
PCD-2022-0275,pure_anatase_tio2,tetracycline,3.25,31.74,0.265,28.87,6.16,5.0,240,26.0,444.43,52.68
PCD-2023-0276,pure_rutile_tio2,bisphenol_a,3.037,25.59,0.68,15.2,5.79,48.78,60,22.5,228.29,90.89
PCD-2018-0277,n_doped_tio2,phenol,2.667,60.13,0.1,26.9,2.0,31.71,90,20.0,94.11,71.47
PCD-2019-0278,c_doped_tio2,24_dichlorophenol,2.492,81.07,0.919,10.93,9.97,37.97,30,20.0,163.0,90.41
PCD-2020-0279,s_doped_tio2,ibuprofen,2.743,60.8,0.26,27.83,6.5,35.06,90,32.1,206.28,93.24
PCD-2021-0280,fe_doped_tio2,malachite_green,2.398,94.97,0.117,14.95,7.27,6.27,15,28.3,364.91,11.22
PCD-2022-0281,cu_doped_tio2,methylene_blue,2.403,75.02,1.238,20.33,5.09,5.0,15,25.8,319.85,25.04
PCD-2023-0282,rutile_n_doped_tio2,rhodamine_b,2.591,22.26,0.207,22.2,6.16,73.56,30,22.3,479.02,77.59
PCD-2018-0283,rutile_fe_doped_tio2,methyl_orange,2.335,17.78,3.173,24.4,8.56,61.44,180,33.4,327.33,94.36
PCD-2019-0284,n_fe_codoped_tio2,ciprofloxacin,2.225,122.91,0.492,5.0,6.2,57.5,120,20.0,331.34,98.93
PCD-2020-0285,n_c_codoped_tio2,tetracycline,2.345,100.75,0.732,38.19,7.08,44.05,240,26.3,444.43,100.0
PCD-2021-0286,fe_cu_codoped_tio2,bisphenol_a,2.135,125.8,0.885,30.11,8.93,35.98,15,21.8,228.29,88.12
PCD-2022-0287,degussa_p25_tio2,phenol,3.256,69.35,1.531,16.31,7.29,5.59,45,27.0,94.11,40.61
PCD-2023-0288,pure_anatase_tio2,24_dichlorophenol,3.166,43.88,1.783,27.03,4.14,64.93,15,22.3,163.0,53.86
PCD-2018-0289,pure_rutile_tio2,ibuprofen,2.944,27.36,0.147,25.41,6.69,84.68,180,30.7,206.28,100.0
PCD-2019-0290,n_doped_tio2,malachite_green,2.632,69.73,3.814,33.36,7.85,45.8,15,20.0,364.91,91.43
PCD-2020-0291,c_doped_tio2,methylene_blue,2.576,63.87,1.075,5.0,5.14,12.59,30,21.7,319.85,78.17
PCD-2021-0292,s_doped_tio2,rhodamine_b,2.706,63.01,1.036,41.11,7.57,23.33,45,22.3,479.02,83.46
PCD-2022-0293,fe_doped_tio2,methyl_orange,2.534,93.4,0.936,31.9,9.03,10.63,60,29.6,327.33,87.52
PCD-2023-0294,cu_doped_tio2,ciprofloxacin,2.301,70.55,0.141,34.3,4.24,88.52,180,23.4,331.34,95.13
PCD-2018-0295,rutile_n_doped_tio2,tetracycline,2.595,29.97,1.565,25.65,4.96,49.41,45,24.1,444.43,99.11
PCD-2019-0296,rutile_fe_doped_tio2,bisphenol_a,2.415,30.54,0.562,33.47,10.93,63.49,30,22.5,228.29,84.27
PCD-2020-0297,n_fe_codoped_tio2,phenol,2.215,107.66,1.174,13.01,5.26,92.63,30,23.5,94.11,100.0
PCD-2021-0298,n_c_codoped_tio2,24_dichlorophenol,2.382,80.22,1.83,8.69,6.73,5.0,180,20.0,163.0,100.0
PCD-2022-0299,fe_cu_codoped_tio2,ibuprofen,2.221,126.81,1.171,12.37,7.08,67.08,120,24.0,206.28,98.21
PCD-2023-0300,degussa_p25_tio2,malachite_green,3.254,45.8,1.755,33.63,9.11,60.9,240,35.0,364.91,97.7
PCD-2018-0301,pure_anatase_tio2,methylene_blue,3.203,53.6,0.569,13.1,7.01,69.83,180,24.9,319.85,100.0
PCD-2019-0302,pure_rutile_tio2,rhodamine_b,2.95,14.71,2.162,18.46,7.08,24.9,15,27.7,479.02,43.76
PCD-2020-0303,n_doped_tio2,methyl_orange,2.657,66.65,1.024,16.69,5.78,22.87,240,20.9,327.33,95.13
PCD-2021-0304,c_doped_tio2,ciprofloxacin,2.518,67.29,1.749,21.56,6.01,64.24,180,24.4,331.34,100.0
PCD-2022-0305,s_doped_tio2,tetracycline,2.704,32.81,2.366,30.65,2.72,14.98,120,25.1,444.43,97.38
PCD-2023-0306,fe_doped_tio2,bisphenol_a,2.461,74.9,0.528,5.0,2.36,23.36,240,20.0,228.29,100.0
PCD-2018-0307,cu_doped_tio2,phenol,2.356,102.45,0.241,12.9,4.48,44.57,15,23.5,94.11,62.93
PCD-2019-0308,rutile_n_doped_tio2,24_dichlorophenol,2.549,19.92,0.349,13.39,9.4,30.25,240,30.1,163.0,100.0
PCD-2020-0309,rutile_fe_doped_tio2,ibuprofen,2.321,11.2,0.723,30.86,9.11,50.01,45,20.0,206.28,99.26
PCD-2021-0310,n_fe_codoped_tio2,malachite_green,2.269,109.58,2.264,39.31,7.71,48.88,15,22.6,364.91,92.47
PCD-2022-0311,n_c_codoped_tio2,methylene_blue,2.293,96.77,0.667,17.0,6.9,100.0,90,20.0,319.85,100.0
PCD-2023-0312,fe_cu_codoped_tio2,rhodamine_b,2.103,123.5,1.056,25.77,6.55,90.64,120,24.7,479.02,100.0
PCD-2018-0313,degussa_p25_tio2,methyl_orange,3.255,43.74,0.58,23.34,6.4,47.75,90,30.1,327.33,99.33
PCD-2019-0314,pure_anatase_tio2,ciprofloxacin,3.176,31.62,1.187,19.13,7.31,79.5,15,24.0,331.34,64.76
PCD-2020-0315,pure_rutile_tio2,tetracycline,2.985,28.46,4.797,5.0,8.24,34.12,240,20.0,444.43,100.0
PCD-2021-0316,n_doped_tio2,bisphenol_a,2.691,50.47,0.137,6.03,8.16,44.92,120,28.3,228.29,95.39
PCD-2022-0317,c_doped_tio2,phenol,2.49,69.93,1.406,22.69,10.03,84.91,90,27.1,94.11,100.0
PCD-2023-0318,s_doped_tio2,24_dichlorophenol,2.644,61.69,0.491,10.82,4.54,82.69,120,26.8,163.0,100.0
PCD-2018-0319,fe_doped_tio2,ibuprofen,2.477,94.42,0.949,21.91,8.88,24.19,30,27.0,206.28,91.47
PCD-2019-0320,cu_doped_tio2,malachite_green,2.317,98.69,0.264,5.0,9.07,57.13,120,25.1,364.91,100.0
PCD-2020-0321,rutile_n_doped_tio2,methylene_blue,2.555,40.19,1.48,31.08,8.19,73.17,180,20.0,319.85,100.0
PCD-2021-0322,rutile_fe_doped_tio2,rhodamine_b,2.436,31.6,1.499,5.0,3.47,42.65,45,20.0,479.02,100.0
PCD-2022-0323,n_fe_codoped_tio2,methyl_orange,2.252,115.37,1.304,13.03,8.16,56.51,60,22.3,327.33,98.77
PCD-2023-0324,n_c_codoped_tio2,ciprofloxacin,2.275,78.0,0.529,17.41,8.96,58.9,240,28.4,331.34,99.09
PCD-2018-0325,fe_cu_codoped_tio2,tetracycline,2.134,127.32,1.95,15.31,8.29,32.32,240,25.6,444.43,100.0
PCD-2019-0326,degussa_p25_tio2,bisphenol_a,3.141,39.24,2.699,8.4,6.62,49.08,60,20.0,228.29,100.0
PCD-2020-0327,pure_anatase_tio2,phenol,3.297,51.3,0.132,23.87,9.18,100.0,90,30.1,94.11,82.22
PCD-2021-0328,pure_rutile_tio2,24_dichlorophenol,2.926,16.94,1.156,13.97,5.32,60.22,15,27.5,163.0,55.87
PCD-2022-0329,n_doped_tio2,ibuprofen,2.668,44.0,0.29,31.18,8.1,67.3,45,33.0,206.28,92.64
PCD-2023-0330,c_doped_tio2,malachite_green,2.482,64.81,0.927,21.53,10.22,58.87,180,20.0,364.91,100.0
PCD-2018-0331,s_doped_tio2,methylene_blue,2.68,73.2,0.982,16.65,7.68,88.85,60,29.3,319.85,100.0
PCD-2019-0332,fe_doped_tio2,rhodamine_b,2.427,82.43,2.555,27.18,7.43,74.23,15,26.9,479.02,98.2
PCD-2020-0333,cu_doped_tio2,methyl_orange,2.438,100.73,0.451,11.93,6.7,73.29,240,26.3,327.33,100.0
PCD-2021-0334,rutile_n_doped_tio2,ciprofloxacin,2.682,29.42,1.02,20.01,9.43,37.41,240,26.4,331.34,100.0
PCD-2022-0335,rutile_fe_doped_tio2,tetracycline,2.46,28.8,0.152,14.84,6.61,44.85,30,21.3,444.43,66.58
PCD-2023-0336,n_fe_codoped_tio2,bisphenol_a,2.185,103.22,2.383,19.62,6.78,30.72,60,24.7,228.29,100.0
PCD-2018-0337,n_c_codoped_tio2,phenol,2.344,88.5,0.416,9.85,5.48,40.46,15,22.1,94.11,72.17
PCD-2019-0338,fe_cu_codoped_tio2,24_dichlorophenol,2.1,121.99,0.164,22.87,8.7,87.51,120,26.2,163.0,96.81
PCD-2020-0339,degussa_p25_tio2,ibuprofen,3.142,50.18,0.883,19.05,3.45,47.99,180,20.8,206.28,100.0
PCD-2021-0340,pure_anatase_tio2,malachite_green,3.193,36.36,0.269,6.17,8.26,5.0,60,27.4,364.91,24.2
PCD-2022-0341,pure_rutile_tio2,methylene_blue,3.02,10.0,1.567,8.16,6.0,92.57,180,24.6,319.85,100.0
PCD-2023-0342,n_doped_tio2,rhodamine_b,2.679,56.99,1.386,23.31,7.75,32.28,45,22.5,479.02,97.68
PCD-2018-0343,c_doped_tio2,methyl_orange,2.513,57.45,0.793,42.19,6.68,57.39,15,20.0,327.33,72.13
PCD-2019-0344,s_doped_tio2,ciprofloxacin,2.748,57.33,0.64,17.8,8.69,45.09,240,20.0,331.34,100.0
PCD-2020-0345,fe_doped_tio2,tetracycline,2.511,74.87,0.466,21.16,5.31,60.04,120,27.3,444.43,100.0
PCD-2021-0346,cu_doped_tio2,bisphenol_a,2.267,110.3,1.214,26.24,9.7,91.54,15,31.8,228.29,99.96
PCD-2022-0347,rutile_n_doped_tio2,phenol,2.593,13.16,0.446,19.69,5.18,26.59,30,21.7,94.11,53.69
PCD-2023-0348,rutile_fe_doped_tio2,24_dichlorophenol,2.468,38.65,1.243,35.19,10.77,52.99,90,22.4,163.0,100.0
PCD-2018-0349,n_fe_codoped_tio2,ibuprofen,2.181,113.83,0.125,14.01,4.78,100.0,15,26.1,206.28,88.97
PCD-2019-0350,n_c_codoped_tio2,malachite_green,2.291,98.05,0.361,10.9,5.45,67.33,240,26.2,364.91,97.32
PCD-2020-0351,fe_cu_codoped_tio2,methylene_blue,2.109,114.54,0.482,15.5,9.51,36.62,15,26.8,319.85,82.41
PCD-2021-0352,degussa_p25_tio2,rhodamine_b,3.129,52.02,2.198,22.15,4.13,23.57,90,25.5,479.02,99.38
PCD-2022-0353,pure_anatase_tio2,methyl_orange,3.194,52.45,0.439,25.05,7.39,67.38,45,20.0,327.33,82.15
PCD-2023-0354,pure_rutile_tio2,ciprofloxacin,2.954,28.83,0.665,36.6,8.35,43.87,60,30.0,331.34,87.7
PCD-2018-0355,n_doped_tio2,tetracycline,2.596,52.21,0.166,5.0,6.22,74.91,180,22.7,444.43,95.83
PCD-2019-0356,c_doped_tio2,bisphenol_a,2.489,65.03,1.091,13.59,5.24,18.49,90,25.4,228.29,90.5
PCD-2020-0357,s_doped_tio2,phenol,2.691,38.7,0.968,28.25,8.63,71.63,90,25.8,94.11,99.38
PCD-2021-0358,fe_doped_tio2,24_dichlorophenol,2.524,76.05,1.11,25.75,6.23,73.85,60,23.6,163.0,100.0
PCD-2022-0359,cu_doped_tio2,ibuprofen,2.295,94.24,0.269,14.71,4.89,80.58,120,23.7,206.28,99.83
PCD-2023-0360,rutile_n_doped_tio2,malachite_green,2.535,28.48,2.495,12.68,7.83,33.9,15,29.6,364.91,83.26
PCD-2018-0361,rutile_fe_doped_tio2,methylene_blue,2.463,21.54,0.96,39.09,8.62,44.58,15,29.3,319.85,61.37
PCD-2019-0362,n_fe_codoped_tio2,rhodamine_b,2.164,102.68,0.804,17.52,7.64,44.42,30,27.1,479.02,100.0
PCD-2020-0363,n_c_codoped_tio2,methyl_orange,2.213,100.82,2.329,5.0,5.28,39.66,240,34.4,327.33,100.0
PCD-2021-0364,fe_cu_codoped_tio2,ciprofloxacin,2.16,124.16,1.924,12.02,6.49,53.67,45,20.0,331.34,95.81
PCD-2022-0365,degussa_p25_tio2,tetracycline,3.171,60.38,0.288,19.32,5.3,80.85,120,24.7,444.43,98.15
PCD-2023-0366,pure_anatase_tio2,bisphenol_a,3.217,59.94,1.317,24.36,5.26,33.51,60,26.7,228.29,94.35
PCD-2018-0367,pure_rutile_tio2,phenol,2.999,10.0,0.519,24.54,5.04,51.47,120,27.2,94.11,92.8
PCD-2019-0368,n_doped_tio2,24_dichlorophenol,2.677,65.76,1.288,5.0,7.15,45.51,45,28.6,163.0,93.68
PCD-2020-0369,c_doped_tio2,ibuprofen,2.558,66.64,1.448,5.0,9.76,38.37,240,23.6,206.28,100.0
PCD-2021-0370,s_doped_tio2,malachite_green,2.782,37.39,0.296,23.0,7.93,6.14,240,20.0,364.91,80.87
PCD-2022-0371,fe_doped_tio2,methylene_blue,2.458,90.18,0.311,37.55,7.04,55.63,15,28.5,319.85,65.67
PCD-2023-0372,cu_doped_tio2,rhodamine_b,2.337,82.81,1.315,19.11,4.67,5.0,120,26.2,479.02,94.41
PCD-2018-0373,rutile_n_doped_tio2,methyl_orange,2.66,26.4,0.552,27.32,6.57,66.37,240,22.6,327.33,94.83
PCD-2019-0374,rutile_fe_doped_tio2,ciprofloxacin,2.418,28.56,1.826,22.03,9.5,55.66,45,32.5,331.34,97.6
PCD-2020-0375,n_fe_codoped_tio2,tetracycline,2.265,98.21,1.41,18.7,8.16,32.33,45,29.3,444.43,99.35
PCD-2021-0376,n_c_codoped_tio2,bisphenol_a,2.232,77.31,0.277,13.75,6.79,5.0,180,20.0,228.29,94.66
PCD-2022-0377,fe_cu_codoped_tio2,phenol,2.135,107.91,1.233,11.6,6.55,21.68,45,26.7,94.11,100.0
PCD-2023-0378,degussa_p25_tio2,24_dichlorophenol,3.174,48.81,0.346,22.74,5.05,25.91,15,22.0,163.0,19.69
PCD-2018-0379,pure_anatase_tio2,ibuprofen,3.234,39.8,0.499,20.73,6.18,47.77,60,24.8,206.28,85.73
PCD-2019-0380,pure_rutile_tio2,malachite_green,2.902,39.29,1.214,33.0,7.08,22.37,180,24.5,364.91,97.97
PCD-2020-0381,n_doped_tio2,methylene_blue,2.672,69.7,0.303,26.36,5.9,5.0,60,21.9,319.85,34.67
PCD-2021-0382,c_doped_tio2,rhodamine_b,2.451,82.13,1.736,7.48,8.61,72.9,180,28.4,479.02,92.89
PCD-2022-0383,s_doped_tio2,methyl_orange,2.713,43.14,1.41,13.93,7.91,38.52,60,21.5,327.33,96.5
PCD-2023-0384,fe_doped_tio2,ciprofloxacin,2.438,83.86,0.803,16.12,9.16,35.53,45,20.0,331.34,100.0
PCD-2018-0385,cu_doped_tio2,tetracycline,2.3,77.48,0.524,27.61,4.71,62.91,60,29.9,444.43,100.0
PCD-2019-0386,rutile_n_doped_tio2,bisphenol_a,2.704,27.46,0.2,5.0,6.07,24.13,45,30.3,228.29,65.41
PCD-2020-0387,rutile_fe_doped_tio2,phenol,2.386,11.74,0.873,5.0,3.24,67.82,240,20.0,94.11,99.64
PCD-2021-0388,n_fe_codoped_tio2,24_dichlorophenol,2.202,93.3,0.211,14.68,7.43,28.9,180,20.2,163.0,97.97
PCD-2022-0389,n_c_codoped_tio2,ibuprofen,2.261,103.3,1.705,15.47,8.79,72.54,30,33.4,206.28,100.0
PCD-2023-0390,fe_cu_codoped_tio2,malachite_green,2.147,131.6,0.945,7.31,8.52,18.5,90,30.4,364.91,100.0
PCD-2018-0391,degussa_p25_tio2,methylene_blue,3.186,28.85,2.214,15.82,2.95,23.23,60,34.6,319.85,78.86
PCD-2019-0392,pure_anatase_tio2,rhodamine_b,3.319,56.67,0.506,25.1,7.77,82.04,60,25.1,479.02,100.0
PCD-2020-0393,pure_rutile_tio2,methyl_orange,2.917,25.59,2.094,9.32,6.44,25.06,120,30.2,327.33,95.11
PCD-2021-0394,n_doped_tio2,ciprofloxacin,2.694,68.74,0.796,31.02,8.68,29.77,240,28.3,331.34,96.59
PCD-2022-0395,c_doped_tio2,tetracycline,2.561,87.35,0.113,10.95,9.35,66.64,180,34.7,444.43,100.0
PCD-2023-0396,s_doped_tio2,bisphenol_a,2.688,54.26,0.653,27.97,8.37,42.13,180,29.4,228.29,100.0
PCD-2018-0397,fe_doped_tio2,phenol,2.404,93.55,0.335,20.25,6.4,65.21,120,38.8,94.11,98.67
PCD-2019-0398,cu_doped_tio2,24_dichlorophenol,2.41,79.6,0.623,6.54,5.41,45.4,240,22.2,163.0,100.0
PCD-2020-0399,rutile_n_doped_tio2,ibuprofen,2.559,10.0,0.993,8.47,9.27,58.46,45,20.3,206.28,94.32
PCD-2021-0400,rutile_fe_doped_tio2,malachite_green,2.417,14.22,1.404,24.71,7.24,45.72,90,35.4,364.91,96.93
PCD-2022-0401,n_fe_codoped_tio2,methylene_blue,2.182,114.16,0.207,45.55,5.72,28.67,45,25.4,319.85,83.41
PCD-2023-0402,n_c_codoped_tio2,rhodamine_b,2.298,94.26,2.257,18.36,3.49,54.47,120,20.8,479.02,96.76
PCD-2018-0403,fe_cu_codoped_tio2,methyl_orange,2.192,122.39,1.428,35.9,8.15,84.99,90,20.0,327.33,97.9
PCD-2019-0404,degussa_p25_tio2,ciprofloxacin,3.258,50.47,1.155,26.97,5.97,71.78,60,20.2,331.34,100.0
PCD-2020-0405,pure_anatase_tio2,tetracycline,3.216,60.91,0.525,22.18,5.04,47.8,120,26.7,444.43,95.05
PCD-2021-0406,pure_rutile_tio2,bisphenol_a,2.997,10.0,0.197,19.98,7.62,49.24,120,32.9,228.29,83.87
PCD-2022-0407,n_doped_tio2,phenol,2.75,57.21,0.151,24.0,7.26,48.06,180,20.0,94.11,96.73
PCD-2023-0408,c_doped_tio2,24_dichlorophenol,2.503,65.98,0.242,27.3,6.6,51.92,60,35.8,163.0,100.0
PCD-2018-0409,s_doped_tio2,ibuprofen,2.711,65.27,0.439,21.85,9.78,53.1,120,21.0,206.28,99.01
PCD-2019-0410,fe_doped_tio2,malachite_green,2.436,81.57,1.732,30.19,9.75,11.43,180,31.0,364.91,100.0
PCD-2020-0411,cu_doped_tio2,methylene_blue,2.348,76.69,0.896,24.91,8.14,54.89,15,24.5,319.85,85.16
PCD-2021-0412,rutile_n_doped_tio2,rhodamine_b,2.519,37.69,0.607,24.35,7.8,37.77,120,21.6,479.02,98.71
PCD-2022-0413,rutile_fe_doped_tio2,methyl_orange,2.5,21.68,0.484,21.32,5.82,44.14,90,29.0,327.33,98.3
PCD-2023-0414,n_fe_codoped_tio2,ciprofloxacin,2.132,103.6,0.66,11.83,6.89,68.34,180,20.0,331.34,100.0
PCD-2018-0415,n_c_codoped_tio2,tetracycline,2.303,100.77,0.843,25.74,4.45,17.79,240,26.5,444.43,100.0
PCD-2019-0416,fe_cu_codoped_tio2,bisphenol_a,2.178,127.91,0.726,14.92,9.87,13.93,45,23.1,228.29,91.8
PCD-2020-0417,degussa_p25_tio2,phenol,3.176,37.45,0.142,22.86,2.0,5.0,180,23.3,94.11,26.47
PCD-2021-0418,pure_anatase_tio2,24_dichlorophenol,3.16,55.56,4.274,47.51,5.7,30.05,90,35.5,163.0,100.0
PCD-2022-0419,pure_rutile_tio2,ibuprofen,2.976,23.21,0.164,19.09,6.84,51.31,15,20.0,206.28,32.12
PCD-2023-0420,n_doped_tio2,malachite_green,2.696,62.37,0.993,14.99,9.3,31.79,15,23.2,364.91,59.97
PCD-2018-0421,c_doped_tio2,methylene_blue,2.449,64.85,0.183,21.1,8.01,27.1,120,30.7,319.85,94.18
PCD-2019-0422,s_doped_tio2,rhodamine_b,2.698,56.38,0.286,14.72,5.13,55.29,180,20.5,479.02,96.05
PCD-2020-0423,fe_doped_tio2,methyl_orange,2.475,76.52,1.521,14.98,4.26,58.07,180,24.7,327.33,98.19
PCD-2021-0424,cu_doped_tio2,ciprofloxacin,2.391,77.29,0.69,33.97,5.9,100.0,120,27.5,331.34,92.52
PCD-2022-0425,rutile_n_doped_tio2,tetracycline,2.552,41.29,0.214,33.68,4.66,5.0,120,22.4,444.43,46.35
PCD-2023-0426,rutile_fe_doped_tio2,bisphenol_a,2.426,37.43,0.277,7.79,4.87,32.14,240,31.0,228.29,98.13
PCD-2018-0427,n_fe_codoped_tio2,phenol,2.119,114.34,1.05,33.76,7.63,67.18,90,32.3,94.11,94.42
PCD-2019-0428,n_c_codoped_tio2,24_dichlorophenol,2.27,85.72,0.407,25.68,8.67,45.67,90,28.2,163.0,100.0
PCD-2020-0429,fe_cu_codoped_tio2,ibuprofen,2.144,107.01,0.177,28.53,11.24,64.49,120,20.0,206.28,95.95
PCD-2021-0430,degussa_p25_tio2,malachite_green,3.243,39.44,0.81,19.85,9.04,13.08,180,32.8,364.91,86.63
PCD-2022-0431,pure_anatase_tio2,methylene_blue,3.237,53.27,0.26,11.68,5.72,29.62,90,20.0,319.85,83.59
PCD-2023-0432,pure_rutile_tio2,rhodamine_b,3.084,20.6,1.285,11.9,8.22,91.48,240,31.2,479.02,98.81
PCD-2018-0433,n_doped_tio2,methyl_orange,2.703,71.04,2.26,18.93,9.0,97.58,30,28.8,327.33,97.39
PCD-2019-0434,c_doped_tio2,ciprofloxacin,2.534,73.48,0.408,10.78,3.37,23.53,60,29.0,331.34,91.46
PCD-2020-0435,s_doped_tio2,tetracycline,2.66,38.07,0.288,20.34,7.22,45.52,45,27.0,444.43,85.54
PCD-2021-0436,fe_doped_tio2,bisphenol_a,2.405,79.25,0.9,24.86,5.37,84.61,45,34.5,228.29,97.13
PCD-2022-0437,cu_doped_tio2,phenol,2.308,92.64,0.516,11.67,5.72,52.74,60,25.4,94.11,98.09
PCD-2023-0438,rutile_n_doped_tio2,24_dichlorophenol,2.653,19.5,0.958,24.09,6.62,51.42,15,24.9,163.0,62.77
PCD-2018-0439,rutile_fe_doped_tio2,ibuprofen,2.385,25.46,0.405,22.59,7.43,69.57,45,22.8,206.28,95.98
PCD-2019-0440,n_fe_codoped_tio2,malachite_green,2.244,105.71,0.144,28.83,4.72,67.96,180,23.2,364.91,97.82
PCD-2020-0441,n_c_codoped_tio2,methylene_blue,2.319,98.12,0.218,18.71,7.68,80.08,240,28.9,319.85,98.82
PCD-2021-0442,fe_cu_codoped_tio2,rhodamine_b,2.185,126.31,3.548,25.9,5.48,54.45,120,27.8,479.02,98.9
PCD-2022-0443,degussa_p25_tio2,methyl_orange,3.19,68.07,1.613,8.8,6.21,54.47,30,31.1,327.33,97.2
PCD-2023-0444,pure_anatase_tio2,ciprofloxacin,3.138,42.7,1.36,5.0,6.7,66.69,120,31.1,331.34,100.0
PCD-2018-0445,pure_rutile_tio2,tetracycline,3.044,11.85,1.134,17.79,5.14,51.82,60,25.9,444.43,92.57
PCD-2019-0446,n_doped_tio2,bisphenol_a,2.598,74.59,0.214,23.42,7.12,58.69,240,25.1,228.29,99.21
PCD-2020-0447,c_doped_tio2,phenol,2.497,72.21,0.454,22.81,2.73,75.32,180,24.2,94.11,99.34
PCD-2021-0448,s_doped_tio2,24_dichlorophenol,2.651,53.49,0.614,13.61,9.15,46.45,120,20.0,163.0,94.61
PCD-2022-0449,fe_doped_tio2,ibuprofen,2.419,85.83,1.473,10.05,10.65,8.62,30,23.6,206.28,68.75
PCD-2023-0450,cu_doped_tio2,malachite_green,2.377,76.6,1.595,30.98,9.23,5.0,15,20.0,364.91,27.22
PCD-2018-0451,rutile_n_doped_tio2,methylene_blue,2.624,31.8,0.247,23.22,7.34,25.12,60,24.1,319.85,76.59
PCD-2019-0452,rutile_fe_doped_tio2,rhodamine_b,2.397,38.66,0.314,30.01,7.57,54.22,120,31.3,479.02,98.6
PCD-2020-0453,n_fe_codoped_tio2,methyl_orange,2.165,90.31,1.001,31.38,7.06,44.69,45,32.5,327.33,98.2
PCD-2021-0454,n_c_codoped_tio2,ciprofloxacin,2.35,78.01,1.32,24.81,6.52,72.9,30,26.4,331.34,98.22
PCD-2022-0455,fe_cu_codoped_tio2,tetracycline,2.079,114.83,1.467,30.02,6.0,30.45,180,21.2,444.43,99.12
PCD-2023-0456,degussa_p25_tio2,bisphenol_a,3.136,41.01,3.135,5.0,8.23,69.86,30,24.2,228.29,97.52
PCD-2018-0457,pure_anatase_tio2,phenol,3.178,33.28,0.244,16.15,7.58,27.72,60,26.6,94.11,63.88
PCD-2019-0458,pure_rutile_tio2,24_dichlorophenol,2.992,13.17,0.628,8.98,6.36,43.98,60,21.8,163.0,85.9
PCD-2020-0459,n_doped_tio2,ibuprofen,2.607,50.37,0.5,7.83,7.32,27.68,90,27.6,206.28,100.0
PCD-2021-0460,c_doped_tio2,malachite_green,2.49,59.89,0.971,37.61,6.51,26.4,45,20.0,364.91,87.53
PCD-2022-0461,s_doped_tio2,methylene_blue,2.681,53.76,0.258,25.57,6.73,60.09,15,22.3,319.85,62.24
PCD-2023-0462,fe_doped_tio2,rhodamine_b,2.458,56.67,1.269,5.0,9.87,84.6,15,26.4,479.02,98.84
PCD-2018-0463,cu_doped_tio2,methyl_orange,2.288,73.92,0.908,10.3,6.2,80.94,120,26.9,327.33,98.7
PCD-2019-0464,rutile_n_doped_tio2,ciprofloxacin,2.524,25.72,0.765,22.15,7.28,67.29,240,30.5,331.34,98.61
PCD-2020-0465,rutile_fe_doped_tio2,tetracycline,2.393,15.67,1.391,16.72,8.6,22.25,30,30.7,444.43,77.82
PCD-2021-0466,n_fe_codoped_tio2,bisphenol_a,2.268,95.71,0.728,22.22,8.13,39.12,240,20.0,228.29,99.86
PCD-2022-0467,n_c_codoped_tio2,phenol,2.324,92.87,0.241,23.2,10.31,53.5,90,30.0,94.11,100.0
PCD-2023-0468,fe_cu_codoped_tio2,24_dichlorophenol,2.18,128.07,0.28,5.0,7.0,45.61,240,29.8,163.0,100.0
PCD-2018-0469,degussa_p25_tio2,ibuprofen,3.123,48.04,1.19,18.57,8.57,57.43,30,24.5,206.28,82.56
PCD-2019-0470,pure_anatase_tio2,malachite_green,3.253,46.06,0.384,28.25,3.41,33.47,45,30.8,364.91,45.07
PCD-2020-0471,pure_rutile_tio2,methylene_blue,3.06,10.0,2.364,33.93,8.42,60.73,120,26.9,319.85,98.65
PCD-2021-0472,n_doped_tio2,rhodamine_b,2.648,63.41,0.801,13.83,11.52,33.04,60,27.9,479.02,92.61
PCD-2022-0473,c_doped_tio2,methyl_orange,2.429,72.19,0.376,18.83,10.33,27.9,60,20.0,327.33,91.92
PCD-2023-0474,s_doped_tio2,ciprofloxacin,2.727,70.33,0.979,30.04,2.0,60.59,240,28.8,331.34,96.44
PCD-2018-0475,fe_doped_tio2,tetracycline,2.459,92.15,0.233,26.72,10.06,72.19,60,28.8,444.43,93.05
PCD-2019-0476,cu_doped_tio2,bisphenol_a,2.313,85.26,0.65,27.33,7.72,77.11,90,22.0,228.29,92.83
PCD-2020-0477,rutile_n_doped_tio2,phenol,2.579,34.13,1.73,20.97,6.71,41.78,240,26.8,94.11,100.0
PCD-2021-0478,rutile_fe_doped_tio2,24_dichlorophenol,2.437,26.63,0.221,22.56,7.31,5.0,240,28.2,163.0,78.29
PCD-2022-0479,n_fe_codoped_tio2,ibuprofen,2.221,118.8,0.557,20.49,8.54,34.79,120,26.8,206.28,99.77
PCD-2023-0480,n_c_codoped_tio2,malachite_green,2.369,105.33,1.929,30.12,5.0,55.49,60,27.5,364.91,100.0
PCD-2018-0481,fe_cu_codoped_tio2,methylene_blue,2.178,109.5,0.881,17.51,12.0,5.0,90,26.8,319.85,87.75
PCD-2019-0482,degussa_p25_tio2,rhodamine_b,3.23,58.36,0.49,12.61,9.33,50.55,30,27.2,479.02,58.15
PCD-2020-0483,pure_anatase_tio2,methyl_orange,3.258,43.05,2.147,5.0,7.06,5.0,180,23.4,327.33,89.94
PCD-2021-0484,pure_rutile_tio2,ciprofloxacin,3.008,26.81,0.429,8.01,5.86,29.19,180,20.0,331.34,97.06
PCD-2022-0485,n_doped_tio2,tetracycline,2.626,71.33,0.273,35.75,7.06,52.96,45,21.6,444.43,89.05
PCD-2023-0486,c_doped_tio2,bisphenol_a,2.566,50.95,1.116,7.79,8.34,51.79,30,22.4,228.29,93.28
PCD-2018-0487,s_doped_tio2,phenol,2.697,49.48,0.789,5.0,8.57,33.03,60,23.4,94.11,96.68
PCD-2019-0488,fe_doped_tio2,24_dichlorophenol,2.379,87.07,0.368,47.49,9.4,51.48,30,20.0,163.0,74.23
PCD-2020-0489,cu_doped_tio2,ibuprofen,2.31,94.57,0.406,28.74,6.94,73.17,90,36.0,206.28,96.81
PCD-2021-0490,rutile_n_doped_tio2,malachite_green,2.565,15.45,1.215,20.37,7.48,59.99,30,31.9,364.91,89.51
PCD-2022-0491,rutile_fe_doped_tio2,methylene_blue,2.412,24.6,2.257,9.8,7.41,86.55,240,27.2,319.85,100.0
PCD-2023-0492,n_fe_codoped_tio2,rhodamine_b,2.139,116.13,0.353,11.39,8.75,38.33,240,25.9,479.02,100.0
PCD-2018-0493,n_c_codoped_tio2,methyl_orange,2.241,105.54,0.263,18.37,10.24,64.08,90,20.0,327.33,99.95
PCD-2019-0494,fe_cu_codoped_tio2,ciprofloxacin,2.156,116.29,1.603,5.0,7.8,60.93,30,24.7,331.34,98.48
PCD-2020-0495,degussa_p25_tio2,tetracycline,3.204,50.65,0.173,28.6,7.16,78.49,90,23.1,444.43,89.74
PCD-2021-0496,pure_anatase_tio2,bisphenol_a,3.085,64.35,0.294,9.26,8.34,55.04,45,28.0,228.29,81.34
PCD-2022-0497,pure_rutile_tio2,phenol,2.993,15.72,0.492,10.2,4.82,80.3,45,22.5,94.11,90.23
PCD-2023-0498,n_doped_tio2,24_dichlorophenol,2.67,67.94,0.948,36.65,8.29,10.89,90,20.0,163.0,92.96
PCD-2018-0499,c_doped_tio2,ibuprofen,2.458,77.5,0.148,17.57,3.22,38.63,240,20.0,206.28,100.0
PCD-2019-0500,s_doped_tio2,malachite_green,2.74,61.36,0.337,5.0,7.08,86.01,180,24.7,364.91,100.0
PCD-2020-0501,fe_doped_tio2,methylene_blue,2.495,80.04,1.111,33.38,7.74,46.73,240,30.5,319.85,99.33
PCD-2021-0502,cu_doped_tio2,rhodamine_b,2.257,92.95,1.694,30.8,8.25,59.48,30,26.1,479.02,100.0
PCD-2022-0503,rutile_n_doped_tio2,methyl_orange,2.507,26.12,0.607,15.67,8.59,42.57,60,23.8,327.33,97.02
PCD-2023-0504,rutile_fe_doped_tio2,ciprofloxacin,2.366,10.2,0.143,14.98,3.74,41.73,45,26.4,331.34,62.44
PCD-2018-0505,n_fe_codoped_tio2,tetracycline,2.158,104.15,0.132,19.02,4.78,17.28,180,34.7,444.43,100.0
PCD-2019-0506,n_c_codoped_tio2,bisphenol_a,2.213,97.52,0.772,11.07,7.13,8.32,15,23.5,228.29,54.95
PCD-2020-0507,fe_cu_codoped_tio2,phenol,2.184,121.83,2.717,5.0,8.14,56.09,120,20.0,94.11,100.0
PCD-2021-0508,degussa_p25_tio2,24_dichlorophenol,3.282,46.02,0.575,31.85,5.35,83.34,90,20.7,163.0,93.53
PCD-2022-0509,pure_anatase_tio2,ibuprofen,3.217,39.62,2.818,18.4,7.86,71.17,15,25.7,206.28,79.75
PCD-2023-0510,pure_rutile_tio2,malachite_green,3.008,22.1,0.854,38.18,7.06,39.22,120,30.5,364.91,100.0
PCD-2018-0511,n_doped_tio2,methylene_blue,2.749,87.8,0.516,19.94,9.36,15.66,45,27.6,319.85,65.27
PCD-2019-0512,c_doped_tio2,rhodamine_b,2.47,72.65,0.214,13.54,7.62,58.63,180,20.0,479.02,96.46
PCD-2020-0513,s_doped_tio2,methyl_orange,2.772,51.53,0.63,23.55,9.73,76.83,15,22.3,327.33,67.9
PCD-2021-0514,fe_doped_tio2,ciprofloxacin,2.413,74.44,0.264,15.88,7.11,16.41,240,25.4,331.34,100.0
PCD-2022-0515,cu_doped_tio2,tetracycline,2.403,86.99,0.8,11.64,9.85,47.71,180,20.6,444.43,100.0
PCD-2023-0516,rutile_n_doped_tio2,bisphenol_a,2.631,27.57,0.739,10.29,10.92,53.59,180,24.7,228.29,100.0
PCD-2018-0517,rutile_fe_doped_tio2,phenol,2.415,10.04,1.031,29.4,5.2,10.66,15,20.0,94.11,24.14
PCD-2019-0518,n_fe_codoped_tio2,24_dichlorophenol,2.28,111.22,0.92,35.17,6.11,83.74,15,28.8,163.0,100.0
PCD-2020-0519,n_c_codoped_tio2,ibuprofen,2.313,88.9,0.153,35.09,8.21,62.72,120,22.8,206.28,98.94
